[{"id":"user-image-Gemini_Generated_Image_glc3r4glc3r4glc3.png","publicUrl":"np://user.desktop.nicepage.com/Site_340823683/images/Gemini_Generated_Image_glc3r4glc3r4glc3.png","size":971027,"hash":"95WOSaXZB3QmmZ24oF2VHeb//No=","fileName":"Gemini_Generated_Image_glc3r4glc3r4glc3.png","name":"Gemini_Generated_Image_glc3r4glc3r4glc3","width":1024,"height":1024,"thumbnail":{"url":"np://user.desktop.nicepage.com/Site_340823683/images/thumbnails/Gemini_Generated_Image_glc3r4glc3r4glc3.png","width":250,"height":250},"folderId":null,"usages":["2169124"]},{"id":"user-image-Gemini_Generated_Image_x9ivpkx9ivpkx9iv.png","publicUrl":"np://user.desktop.nicepage.com/Site_340823683/images/Gemini_Generated_Image_x9ivpkx9ivpkx9iv.png","size":724449,"hash":"VWRLPymF+wZY8ll4D5fhlY68hBY=","fileName":"Gemini_Generated_Image_x9ivpkx9ivpkx9iv.png","name":"Gemini_Generated_Image_x9ivpkx9ivpkx9iv","width":1024,"height":1024,"thumbnail":{"url":"np://user.desktop.nicepage.com/Site_340823683/images/thumbnails/Gemini_Generated_Image_x9ivpkx9ivpkx9iv.png","width":250,"height":250},"folderId":null,"usages":["2169124"]},{"id":"user-image-pexels-francesco-ungaro-281260.jpg","publicUrl":"np://user.desktop.nicepage.com/Site_340823683/images/pexels-francesco-ungaro-281260.jpg","size":502167,"hash":"ehn6V9UFVIoVVvs2AMhWKXDPkUM=","fileName":"pexels-francesco-ungaro-281260.jpg","name":"pexels-francesco-ungaro-281260","width":4761,"height":3153,"thumbnail":{"url":"np://user.desktop.nicepage.com/Site_340823683/images/thumbnails/pexels-francesco-ungaro-281260.jpg","width":250,"height":166},"folderId":null,"usages":["2169124"]},{"id":"user-image-istockphoto-1329481341-612x612.jpg","publicUrl":"np://user.desktop.nicepage.com/Site_340823683/images/istockphoto-1329481341-612x612.jpg","size":18116,"hash":"MGCN4OF/V3WIT6WjjX+vW5mnGgc=","fileName":"istockphoto-1329481341-612x612.jpg","name":"istockphoto-1329481341-612x612","width":612,"height":408,"thumbnail":{"url":"np://user.desktop.nicepage.com/Site_340823683/images/thumbnails/istockphoto-1329481341-612x612.jpg","width":250,"height":167},"folderId":null,"usages":["2169124"]},{"id":"user-image-Gemini_Generated_Image_nq39gynq39gynq39.png","publicUrl":"np://user.desktop.nicepage.com/Site_340823683/images/Gemini_Generated_Image_nq39gynq39gynq39.png","size":529009,"hash":"NvrTkRODi3Sk+V80WP64Bm1nxgE=","fileName":"Gemini_Generated_Image_nq39gynq39gynq39.png","name":"Gemini_Generated_Image_nq39gynq39gynq39","width":1024,"height":1024,"thumbnail":{"url":"np://user.desktop.nicepage.com/Site_340823683/images/thumbnails/Gemini_Generated_Image_nq39gynq39gynq39.png","width":250,"height":250},"folderId":null,"usages":[]},{"id":"user-image-Gemini_Generated_Image_97mxcj97mxcj97mx1.png","publicUrl":"np://user.desktop.nicepage.com/Site_340823683/images/Gemini_Generated_Image_97mxcj97mxcj97mx1.png","size":1252662,"hash":"zeRvS9dMmeS4oAGBNifEESC8bNo=","fileName":"Gemini_Generated_Image_97mxcj97mxcj97mx1.png","name":"Gemini_Generated_Image_97mxcj97mxcj97mx1","width":1024,"height":1024,"thumbnail":{"url":"np://user.desktop.nicepage.com/Site_340823683/images/thumbnails/Gemini_Generated_Image_97mxcj97mxcj97mx1.png","width":250,"height":250},"folderId":null,"usages":["2169124"]},{"id":"user-image-Untitled-28.jpg","publicUrl":"np://user.desktop.nicepage.com/Site_340823683/images/Untitled-28.jpg","size":161901,"hash":"aUZLT7nMNR2DgPItsFghgirhnVw=","fileName":"Untitled-28.jpg","name":"Untitled-28","width":1843,"height":1018,"thumbnail":{"url":"np://user.desktop.nicepage.com/Site_340823683/images/thumbnails/Untitled-28.jpg","width":250,"height":138},"folderId":null,"originalUrl":"https://assets.nicepagecdn.com/11a8ddce/4242949/images/Untitled-28.jpg","usages":["2169124"]},{"id":"user-image-Untitled-3.jpg","publicUrl":"np://user.desktop.nicepage.com/Site_340823683/images/Untitled-3.jpg","size":157682,"hash":"ym0EZ6LoFenqpX16Mm13h/RcDLM=","fileName":"Untitled-3.jpg","name":"Untitled-3","width":1843,"height":1018,"thumbnail":{"url":"np://user.desktop.nicepage.com/Site_340823683/images/thumbnails/Untitled-3.jpg","width":250,"height":138},"folderId":null,"originalUrl":"https://assets.nicepagecdn.com/11a8ddce/4242949/images/Untitled-3.jpg","usages":["2169124"]}]