[{"id":520421464,"title":"Blog Template","order":1,"templateKey":"blog","customTemplate":false,"customTemplateFilename":null,"pageLinks":[],"dateCreated":"2025-12-27T06:45:12.700Z","dateUpdated":"2025-12-27T06:45:16.365Z","folderId":null,"pageName":"Blog Template","serverPageId":null,"sectionCount":1,"status":2,"backwardUrl":null},{"id":76653574,"title":"Post Template","order":2,"templateKey":"post","customTemplate":false,"customTemplateFilename":null,"pageLinks":[],"dateCreated":"2025-12-27T06:45:13.073Z","dateUpdated":"2025-12-27T06:45:16.366Z","folderId":null,"pageName":"Post Template","serverPageId":null,"sectionCount":1,"status":2,"backwardUrl":null},{"id":201911916,"title":"Product List Template","order":3,"templateKey":"products","customTemplate":false,"customTemplateFilename":null,"pageLinks":[],"dateCreated":"2025-12-27T06:45:13.447Z","dateUpdated":"2025-12-27T06:45:16.366Z","folderId":null,"pageName":"Product List Template","serverPageId":null,"sectionCount":1,"status":2,"backwardUrl":null},{"id":54813601,"title":"Product Details Template","order":4,"templateKey":"product","customTemplate":false,"customTemplateFilename":null,"pageLinks":[],"dateCreated":"2025-12-27T06:45:13.780Z","dateUpdated":"2025-12-27T06:45:16.367Z","folderId":null,"pageName":"Product Details Template","serverPageId":null,"sectionCount":1,"status":2,"backwardUrl":null},{"id":139520484,"title":"Shopping Cart Template","order":5,"templateKey":"cart","customTemplate":false,"customTemplateFilename":null,"pageLinks":[],"dateCreated":"2025-12-27T06:45:14.046Z","dateUpdated":"2025-12-27T06:45:16.368Z","folderId":null,"pageName":"Shopping Cart Template","serverPageId":null,"sectionCount":1,"status":2,"backwardUrl":null},{"id":4794622,"title":"Checkout Template","order":6,"templateKey":"checkout","customTemplate":false,"customTemplateFilename":null,"pageLinks":[],"dateCreated":"2025-12-27T06:45:14.440Z","dateUpdated":"2025-12-27T06:45:16.368Z","folderId":null,"pageName":"Checkout Template","serverPageId":null,"sectionCount":1,"status":2,"backwardUrl":null},{"id":61326630,"title":"Login Template","order":7,"templateKey":"login","customTemplate":false,"customTemplateFilename":null,"pageLinks":[],"dateCreated":"2025-12-27T06:45:14.672Z","dateUpdated":"2025-12-27T06:45:16.368Z","folderId":null,"pageName":"Login Template","serverPageId":null,"sectionCount":1,"status":2,"backwardUrl":null},{"id":309364419,"title":"Search Page Template","order":8,"templateKey":"Search","customTemplate":false,"customTemplateFilename":null,"pageLinks":[],"dateCreated":"2025-12-27T06:45:14.839Z","dateUpdated":"2025-12-27T06:45:16.368Z","folderId":null,"pageName":"Search Page Template","serverPageId":null,"sectionCount":1,"status":2,"backwardUrl":null},{"id":17090142,"title":"Page Password Template","order":9,"templateKey":"password","customTemplate":false,"customTemplateFilename":null,"pageLinks":[],"dateCreated":"2025-12-27T06:45:15.042Z","dateUpdated":"2025-12-27T06:45:16.369Z","folderId":null,"pageName":"Page Password Template","serverPageId":null,"sectionCount":1,"status":2,"backwardUrl":null},{"id":463603876,"title":"404 Not Found Template","order":10,"templateKey":"404","customTemplate":false,"customTemplateFilename":null,"pageLinks":[],"dateCreated":"2025-12-27T06:45:15.222Z","dateUpdated":"2025-12-27T06:45:16.369Z","folderId":null,"pageName":"404 Not Found Template","serverPageId":null,"sectionCount":1,"status":2,"backwardUrl":null},{"id":68629302,"title":"Thank You Page Template","order":11,"templateKey":"ThankYou","customTemplate":false,"customTemplateFilename":null,"pageLinks":[],"dateCreated":"2025-12-27T06:45:15.391Z","dateUpdated":"2025-12-27T06:45:16.370Z","folderId":null,"pageName":"Thank You Page Template","serverPageId":null,"sectionCount":1,"status":2,"backwardUrl":null},{"id":2626221475,"title":"non","order":50,"templateKey":null,"customTemplate":false,"customTemplateFilename":null,"pageLinks":[],"dateCreated":"2025-12-27T06:45:17.461Z","dateUpdated":"2025-12-27T10:49:27.557Z","folderId":null,"pageName":"non_2626221475","serverPageId":null,"sectionCount":1,"status":2,"backwardUrl":null},{"id":16811910,"title":"About","order":100,"templateKey":null,"customTemplate":false,"customTemplateFilename":null,"pageLinks":[],"dateCreated":"2025-12-27T06:45:15.485Z","dateUpdated":"2025-12-27T06:45:16.370Z","folderId":null,"pageName":"About_16811910","serverPageId":null,"sectionCount":1,"status":2,"backwardUrl":null},{"id":83926227,"title":"Contact","order":101,"templateKey":null,"customTemplate":false,"customTemplateFilename":null,"pageLinks":[],"dateCreated":"2025-12-27T06:45:15.569Z","dateUpdated":"2025-12-27T06:45:16.370Z","folderId":null,"pageName":"Contact_83926227","serverPageId":null,"sectionCount":1,"status":2,"backwardUrl":null},{"id":1380600731,"title":"Page 1","order":102,"templateKey":null,"customTemplate":false,"customTemplateFilename":null,"pageLinks":[],"dateCreated":"2025-12-27T06:46:08.296Z","dateUpdated":"2025-12-27T06:48:29.440Z","folderId":null,"pageName":"Page 1_1380600731","serverPageId":null,"sectionCount":3,"status":2,"backwardUrl":null},{"id":2169124,"title":"Home","order":103,"templateKey":null,"customTemplate":false,"customTemplateFilename":null,"pageLinks":[],"dateCreated":"2025-12-27T07:02:51.756Z","dateUpdated":"2025-12-27T10:52:01.758Z","folderId":null,"pageName":"Home_2169124","serverPageId":null,"sectionCount":8,"status":2,"backwardUrl":null}]